<annotation>
	<folder>my-project-name</folder>
	<filename>image12.jpg</filename>
	<path>/my-project-name/image12.jpg</path>
	<source>
		<database>Unspecified</database>
	</source>
	<size>
		<width>600</width>
		<height>600</height>
		<depth>3</depth>
	</size>
	<object>
		<name>distress</name>
		<pose>Unspecified</pose>
		<truncated>Unspecified</truncated>
		<difficult>Unspecified</difficult>
		<bndbox>
			<xmin>141</xmin>
			<ymin>260</ymin>
			<xmax>201</xmax>
			<ymax>305</ymax>
		</bndbox>
	</object>
	<object>
		<name>distress</name>
		<pose>Unspecified</pose>
		<truncated>Unspecified</truncated>
		<difficult>Unspecified</difficult>
		<bndbox>
			<xmin>35</xmin>
			<ymin>66</ymin>
			<xmax>87</xmax>
			<ymax>116</ymax>
		</bndbox>
	</object>
</annotation>