<annotation>
	<folder>my-project-name</folder>
	<filename>image14.jpg</filename>
	<path>/my-project-name/image14.jpg</path>
	<source>
		<database>Unspecified</database>
	</source>
	<size>
		<width>600</width>
		<height>600</height>
		<depth>3</depth>
	</size>
	<object>
		<name>distress</name>
		<pose>Unspecified</pose>
		<truncated>Unspecified</truncated>
		<difficult>Unspecified</difficult>
		<bndbox>
			<xmin>307</xmin>
			<ymin>45</ymin>
			<xmax>377</xmax>
			<ymax>86</ymax>
		</bndbox>
	</object>
</annotation>