<annotation>
	<folder>my-project-name</folder>
	<filename>image0.jpg</filename>
	<path>/my-project-name/image0.jpg</path>
	<source>
		<database>Unspecified</database>
	</source>
	<size>
		<width>600</width>
		<height>600</height>
		<depth>3</depth>
	</size>
	<object>
		<name>distress</name>
		<pose>Unspecified</pose>
		<truncated>Unspecified</truncated>
		<difficult>Unspecified</difficult>
		<bndbox>
			<xmin>420</xmin>
			<ymin>223</ymin>
			<xmax>457</xmax>
			<ymax>249</ymax>
		</bndbox>
	</object>
	<object>
		<name>distress</name>
		<pose>Unspecified</pose>
		<truncated>Unspecified</truncated>
		<difficult>Unspecified</difficult>
		<bndbox>
			<xmin>243</xmin>
			<ymin>244</ymin>
			<xmax>339</xmax>
			<ymax>312</ymax>
		</bndbox>
	</object>
	<object>
		<name>distress</name>
		<pose>Unspecified</pose>
		<truncated>Unspecified</truncated>
		<difficult>Unspecified</difficult>
		<bndbox>
			<xmin>28</xmin>
			<ymin>468</ymin>
			<xmax>260</xmax>
			<ymax>540</ymax>
		</bndbox>
	</object>
	<object>
		<name>distress</name>
		<pose>Unspecified</pose>
		<truncated>Unspecified</truncated>
		<difficult>Unspecified</difficult>
		<bndbox>
			<xmin>127</xmin>
			<ymin>380</ymin>
			<xmax>180</xmax>
			<ymax>457</ymax>
		</bndbox>
	</object>
	<object>
		<name>distress</name>
		<pose>Unspecified</pose>
		<truncated>Unspecified</truncated>
		<difficult>Unspecified</difficult>
		<bndbox>
			<xmin>192</xmin>
			<ymin>288</ymin>
			<xmax>237</xmax>
			<ymax>378</ymax>
		</bndbox>
	</object>
	<object>
		<name>distress</name>
		<pose>Unspecified</pose>
		<truncated>Unspecified</truncated>
		<difficult>Unspecified</difficult>
		<bndbox>
			<xmin>43</xmin>
			<ymin>553</ymin>
			<xmax>75</xmax>
			<ymax>578</ymax>
		</bndbox>
	</object>
	<object>
		<name>distress</name>
		<pose>Unspecified</pose>
		<truncated>Unspecified</truncated>
		<difficult>Unspecified</difficult>
		<bndbox>
			<xmin>46</xmin>
			<ymin>42</ymin>
			<xmax>120</xmax>
			<ymax>71</ymax>
		</bndbox>
	</object>
	<object>
		<name>distress</name>
		<pose>Unspecified</pose>
		<truncated>Unspecified</truncated>
		<difficult>Unspecified</difficult>
		<bndbox>
			<xmin>381</xmin>
			<ymin>185</ymin>
			<xmax>413</xmax>
			<ymax>222</ymax>
		</bndbox>
	</object>
	<object>
		<name>distress</name>
		<pose>Unspecified</pose>
		<truncated>Unspecified</truncated>
		<difficult>Unspecified</difficult>
		<bndbox>
			<xmin>259</xmin>
			<ymin>188</ymin>
			<xmax>356</xmax>
			<ymax>205</ymax>
		</bndbox>
	</object>
</annotation>