<annotation>
	<folder>my-project-name</folder>
	<filename>image31.jpg</filename>
	<path>/my-project-name/image31.jpg</path>
	<source>
		<database>Unspecified</database>
	</source>
	<size>
		<width>600</width>
		<height>600</height>
		<depth>3</depth>
	</size>
	<object>
		<name>distress</name>
		<pose>Unspecified</pose>
		<truncated>Unspecified</truncated>
		<difficult>Unspecified</difficult>
		<bndbox>
			<xmin>506</xmin>
			<ymin>491</ymin>
			<xmax>566</xmax>
			<ymax>536</ymax>
		</bndbox>
	</object>
	<object>
		<name>distress</name>
		<pose>Unspecified</pose>
		<truncated>Unspecified</truncated>
		<difficult>Unspecified</difficult>
		<bndbox>
			<xmin>386</xmin>
			<ymin>537</ymin>
			<xmax>503</xmax>
			<ymax>600</ymax>
		</bndbox>
	</object>
</annotation>