<annotation>
	<folder>my-project-name</folder>
	<filename>image39.jpg</filename>
	<path>/my-project-name/image39.jpg</path>
	<source>
		<database>Unspecified</database>
	</source>
	<size>
		<width>600</width>
		<height>600</height>
		<depth>3</depth>
	</size>
	<object>
		<name>distress</name>
		<pose>Unspecified</pose>
		<truncated>Unspecified</truncated>
		<difficult>Unspecified</difficult>
		<bndbox>
			<xmin>492</xmin>
			<ymin>490</ymin>
			<xmax>597</xmax>
			<ymax>540</ymax>
		</bndbox>
	</object>
	<object>
		<name>distress</name>
		<pose>Unspecified</pose>
		<truncated>Unspecified</truncated>
		<difficult>Unspecified</difficult>
		<bndbox>
			<xmin>408</xmin>
			<ymin>512</ymin>
			<xmax>491</xmax>
			<ymax>556</ymax>
		</bndbox>
	</object>
	<object>
		<name>distress</name>
		<pose>Unspecified</pose>
		<truncated>Unspecified</truncated>
		<difficult>Unspecified</difficult>
		<bndbox>
			<xmin>251</xmin>
			<ymin>542</ymin>
			<xmax>400</xmax>
			<ymax>600</ymax>
		</bndbox>
	</object>
	<object>
		<name>distress</name>
		<pose>Unspecified</pose>
		<truncated>Unspecified</truncated>
		<difficult>Unspecified</difficult>
		<bndbox>
			<xmin>43</xmin>
			<ymin>181</ymin>
			<xmax>79</xmax>
			<ymax>299</ymax>
		</bndbox>
	</object>
	<object>
		<name>distress</name>
		<pose>Unspecified</pose>
		<truncated>Unspecified</truncated>
		<difficult>Unspecified</difficult>
		<bndbox>
			<xmin>12</xmin>
			<ymin>250</ymin>
			<xmax>33</xmax>
			<ymax>314</ymax>
		</bndbox>
	</object>
	<object>
		<name>distress</name>
		<pose>Unspecified</pose>
		<truncated>Unspecified</truncated>
		<difficult>Unspecified</difficult>
		<bndbox>
			<xmin>532</xmin>
			<ymin>91</ymin>
			<xmax>596</xmax>
			<ymax>112</ymax>
		</bndbox>
	</object>
	<object>
		<name>distress</name>
		<pose>Unspecified</pose>
		<truncated>Unspecified</truncated>
		<difficult>Unspecified</difficult>
		<bndbox>
			<xmin>463</xmin>
			<ymin>101</ymin>
			<xmax>523</xmax>
			<ymax>117</ymax>
		</bndbox>
	</object>
	<object>
		<name>distress</name>
		<pose>Unspecified</pose>
		<truncated>Unspecified</truncated>
		<difficult>Unspecified</difficult>
		<bndbox>
			<xmin>416</xmin>
			<ymin>111</ymin>
			<xmax>457</xmax>
			<ymax>130</ymax>
		</bndbox>
	</object>
	<object>
		<name>distress</name>
		<pose>Unspecified</pose>
		<truncated>Unspecified</truncated>
		<difficult>Unspecified</difficult>
		<bndbox>
			<xmin>363</xmin>
			<ymin>120</ymin>
			<xmax>409</xmax>
			<ymax>133</ymax>
		</bndbox>
	</object>
	<object>
		<name>distress</name>
		<pose>Unspecified</pose>
		<truncated>Unspecified</truncated>
		<difficult>Unspecified</difficult>
		<bndbox>
			<xmin>307</xmin>
			<ymin>124</ymin>
			<xmax>358</xmax>
			<ymax>140</ymax>
		</bndbox>
	</object>
	<object>
		<name>distress</name>
		<pose>Unspecified</pose>
		<truncated>Unspecified</truncated>
		<difficult>Unspecified</difficult>
		<bndbox>
			<xmin>240</xmin>
			<ymin>133</ymin>
			<xmax>299</xmax>
			<ymax>145</ymax>
		</bndbox>
	</object>
	<object>
		<name>distress</name>
		<pose>Unspecified</pose>
		<truncated>Unspecified</truncated>
		<difficult>Unspecified</difficult>
		<bndbox>
			<xmin>187</xmin>
			<ymin>140</ymin>
			<xmax>234</xmax>
			<ymax>154</ymax>
		</bndbox>
	</object>
	<object>
		<name>distress</name>
		<pose>Unspecified</pose>
		<truncated>Unspecified</truncated>
		<difficult>Unspecified</difficult>
		<bndbox>
			<xmin>131</xmin>
			<ymin>147</ymin>
			<xmax>179</xmax>
			<ymax>160</ymax>
		</bndbox>
	</object>
	<object>
		<name>distress</name>
		<pose>Unspecified</pose>
		<truncated>Unspecified</truncated>
		<difficult>Unspecified</difficult>
		<bndbox>
			<xmin>36</xmin>
			<ymin>139</ymin>
			<xmax>120</xmax>
			<ymax>186</ymax>
		</bndbox>
	</object>
	<object>
		<name>distress</name>
		<pose>Unspecified</pose>
		<truncated>Unspecified</truncated>
		<difficult>Unspecified</difficult>
		<bndbox>
			<xmin>0</xmin>
			<ymin>165</ymin>
			<xmax>27</xmax>
			<ymax>188</ymax>
		</bndbox>
	</object>
	<object>
		<name>distress</name>
		<pose>Unspecified</pose>
		<truncated>Unspecified</truncated>
		<difficult>Unspecified</difficult>
		<bndbox>
			<xmin>113</xmin>
			<ymin>73</ymin>
			<xmax>146</xmax>
			<ymax>122</ymax>
		</bndbox>
	</object>
	<object>
		<name>distress</name>
		<pose>Unspecified</pose>
		<truncated>Unspecified</truncated>
		<difficult>Unspecified</difficult>
		<bndbox>
			<xmin>94</xmin>
			<ymin>62</ymin>
			<xmax>112</xmax>
			<ymax>75</ymax>
		</bndbox>
	</object>
	<object>
		<name>distress</name>
		<pose>Unspecified</pose>
		<truncated>Unspecified</truncated>
		<difficult>Unspecified</difficult>
		<bndbox>
			<xmin>484</xmin>
			<ymin>0</ymin>
			<xmax>583</xmax>
			<ymax>9</ymax>
		</bndbox>
	</object>
	<object>
		<name>distress</name>
		<pose>Unspecified</pose>
		<truncated>Unspecified</truncated>
		<difficult>Unspecified</difficult>
		<bndbox>
			<xmin>400</xmin>
			<ymin>5</ymin>
			<xmax>486</xmax>
			<ymax>17</ymax>
		</bndbox>
	</object>
	<object>
		<name>distress</name>
		<pose>Unspecified</pose>
		<truncated>Unspecified</truncated>
		<difficult>Unspecified</difficult>
		<bndbox>
			<xmin>338</xmin>
			<ymin>13</ymin>
			<xmax>393</xmax>
			<ymax>25</ymax>
		</bndbox>
	</object>
	<object>
		<name>distress</name>
		<pose>Unspecified</pose>
		<truncated>Unspecified</truncated>
		<difficult>Unspecified</difficult>
		<bndbox>
			<xmin>270</xmin>
			<ymin>15</ymin>
			<xmax>333</xmax>
			<ymax>34</ymax>
		</bndbox>
	</object>
	<object>
		<name>distress</name>
		<pose>Unspecified</pose>
		<truncated>Unspecified</truncated>
		<difficult>Unspecified</difficult>
		<bndbox>
			<xmin>187</xmin>
			<ymin>23</ymin>
			<xmax>270</xmax>
			<ymax>41</ymax>
		</bndbox>
	</object>
	<object>
		<name>distress</name>
		<pose>Unspecified</pose>
		<truncated>Unspecified</truncated>
		<difficult>Unspecified</difficult>
		<bndbox>
			<xmin>102</xmin>
			<ymin>30</ymin>
			<xmax>177</xmax>
			<ymax>47</ymax>
		</bndbox>
	</object>
	<object>
		<name>distress</name>
		<pose>Unspecified</pose>
		<truncated>Unspecified</truncated>
		<difficult>Unspecified</difficult>
		<bndbox>
			<xmin>41</xmin>
			<ymin>34</ymin>
			<xmax>93</xmax>
			<ymax>50</ymax>
		</bndbox>
	</object>
	<object>
		<name>distress</name>
		<pose>Unspecified</pose>
		<truncated>Unspecified</truncated>
		<difficult>Unspecified</difficult>
		<bndbox>
			<xmin>0</xmin>
			<ymin>40</ymin>
			<xmax>33</xmax>
			<ymax>56</ymax>
		</bndbox>
	</object>
</annotation>