<annotation>
	<folder>my-project-name</folder>
	<filename>image18.jpg</filename>
	<path>/my-project-name/image18.jpg</path>
	<source>
		<database>Unspecified</database>
	</source>
	<size>
		<width>600</width>
		<height>600</height>
		<depth>3</depth>
	</size>
	<object>
		<name>distress</name>
		<pose>Unspecified</pose>
		<truncated>Unspecified</truncated>
		<difficult>Unspecified</difficult>
		<bndbox>
			<xmin>507</xmin>
			<ymin>475</ymin>
			<xmax>600</xmax>
			<ymax>573</ymax>
		</bndbox>
	</object>
	<object>
		<name>distress</name>
		<pose>Unspecified</pose>
		<truncated>Unspecified</truncated>
		<difficult>Unspecified</difficult>
		<bndbox>
			<xmin>422</xmin>
			<ymin>395</ymin>
			<xmax>463</xmax>
			<ymax>430</ymax>
		</bndbox>
	</object>
</annotation>