<annotation>
	<folder>my-project-name</folder>
	<filename>image8.jpg</filename>
	<path>/my-project-name/image8.jpg</path>
	<source>
		<database>Unspecified</database>
	</source>
	<size>
		<width>600</width>
		<height>600</height>
		<depth>3</depth>
	</size>
	<object>
		<name>distress</name>
		<pose>Unspecified</pose>
		<truncated>Unspecified</truncated>
		<difficult>Unspecified</difficult>
		<bndbox>
			<xmin>439</xmin>
			<ymin>308</ymin>
			<xmax>471</xmax>
			<ymax>598</ymax>
		</bndbox>
	</object>
	<object>
		<name>distress</name>
		<pose>Unspecified</pose>
		<truncated>Unspecified</truncated>
		<difficult>Unspecified</difficult>
		<bndbox>
			<xmin>449</xmin>
			<ymin>248</ymin>
			<xmax>480</xmax>
			<ymax>301</ymax>
		</bndbox>
	</object>
	<object>
		<name>distress</name>
		<pose>Unspecified</pose>
		<truncated>Unspecified</truncated>
		<difficult>Unspecified</difficult>
		<bndbox>
			<xmin>367</xmin>
			<ymin>267</ymin>
			<xmax>428</xmax>
			<ymax>300</ymax>
		</bndbox>
	</object>
	<object>
		<name>distress</name>
		<pose>Unspecified</pose>
		<truncated>Unspecified</truncated>
		<difficult>Unspecified</difficult>
		<bndbox>
			<xmin>434</xmin>
			<ymin>201</ymin>
			<xmax>524</xmax>
			<ymax>240</ymax>
		</bndbox>
	</object>
	<object>
		<name>distress</name>
		<pose>Unspecified</pose>
		<truncated>Unspecified</truncated>
		<difficult>Unspecified</difficult>
		<bndbox>
			<xmin>338</xmin>
			<ymin>179</ymin>
			<xmax>393</xmax>
			<ymax>213</ymax>
		</bndbox>
	</object>
	<object>
		<name>distress</name>
		<pose>Unspecified</pose>
		<truncated>Unspecified</truncated>
		<difficult>Unspecified</difficult>
		<bndbox>
			<xmin>263</xmin>
			<ymin>158</ymin>
			<xmax>336</xmax>
			<ymax>193</ymax>
		</bndbox>
	</object>
	<object>
		<name>distress</name>
		<pose>Unspecified</pose>
		<truncated>Unspecified</truncated>
		<difficult>Unspecified</difficult>
		<bndbox>
			<xmin>238</xmin>
			<ymin>122</ymin>
			<xmax>300</xmax>
			<ymax>153</ymax>
		</bndbox>
	</object>
	<object>
		<name>distress</name>
		<pose>Unspecified</pose>
		<truncated>Unspecified</truncated>
		<difficult>Unspecified</difficult>
		<bndbox>
			<xmin>140</xmin>
			<ymin>103</ymin>
			<xmax>231</xmax>
			<ymax>138</ymax>
		</bndbox>
	</object>
	<object>
		<name>distress</name>
		<pose>Unspecified</pose>
		<truncated>Unspecified</truncated>
		<difficult>Unspecified</difficult>
		<bndbox>
			<xmin>59</xmin>
			<ymin>337</ymin>
			<xmax>122</xmax>
			<ymax>411</ymax>
		</bndbox>
	</object>
	<object>
		<name>distress</name>
		<pose>Unspecified</pose>
		<truncated>Unspecified</truncated>
		<difficult>Unspecified</difficult>
		<bndbox>
			<xmin>0</xmin>
			<ymin>418</ymin>
			<xmax>67</xmax>
			<ymax>492</ymax>
		</bndbox>
	</object>
	<object>
		<name>distress</name>
		<pose>Unspecified</pose>
		<truncated>Unspecified</truncated>
		<difficult>Unspecified</difficult>
		<bndbox>
			<xmin>463</xmin>
			<ymin>94</ymin>
			<xmax>519</xmax>
			<ymax>109</ymax>
		</bndbox>
	</object>
	<object>
		<name>distress</name>
		<pose>Unspecified</pose>
		<truncated>Unspecified</truncated>
		<difficult>Unspecified</difficult>
		<bndbox>
			<xmin>405</xmin>
			<ymin>84</ymin>
			<xmax>455</xmax>
			<ymax>101</ymax>
		</bndbox>
	</object>
	<object>
		<name>distress</name>
		<pose>Unspecified</pose>
		<truncated>Unspecified</truncated>
		<difficult>Unspecified</difficult>
		<bndbox>
			<xmin>355</xmin>
			<ymin>79</ymin>
			<xmax>397</xmax>
			<ymax>92</ymax>
		</bndbox>
	</object>
	<object>
		<name>distress</name>
		<pose>Unspecified</pose>
		<truncated>Unspecified</truncated>
		<difficult>Unspecified</difficult>
		<bndbox>
			<xmin>305</xmin>
			<ymin>65</ymin>
			<xmax>345</xmax>
			<ymax>85</ymax>
		</bndbox>
	</object>
	<object>
		<name>distress</name>
		<pose>Unspecified</pose>
		<truncated>Unspecified</truncated>
		<difficult>Unspecified</difficult>
		<bndbox>
			<xmin>252</xmin>
			<ymin>57</ymin>
			<xmax>295</xmax>
			<ymax>69</ymax>
		</bndbox>
	</object>
	<object>
		<name>distress</name>
		<pose>Unspecified</pose>
		<truncated>Unspecified</truncated>
		<difficult>Unspecified</difficult>
		<bndbox>
			<xmin>227</xmin>
			<ymin>44</ymin>
			<xmax>242</xmax>
			<ymax>60</ymax>
		</bndbox>
	</object>
	<object>
		<name>distress</name>
		<pose>Unspecified</pose>
		<truncated>Unspecified</truncated>
		<difficult>Unspecified</difficult>
		<bndbox>
			<xmin>530</xmin>
			<ymin>100</ymin>
			<xmax>570</xmax>
			<ymax>117</ymax>
		</bndbox>
	</object>
	<object>
		<name>distress</name>
		<pose>Unspecified</pose>
		<truncated>Unspecified</truncated>
		<difficult>Unspecified</difficult>
		<bndbox>
			<xmin>579</xmin>
			<ymin>106</ymin>
			<xmax>600</xmax>
			<ymax>120</ymax>
		</bndbox>
	</object>
	<object>
		<name>distress</name>
		<pose>Unspecified</pose>
		<truncated>Unspecified</truncated>
		<difficult>Unspecified</difficult>
		<bndbox>
			<xmin>454</xmin>
			<ymin>0</ymin>
			<xmax>597</xmax>
			<ymax>20</ymax>
		</bndbox>
	</object>
</annotation>