<annotation>
	<folder>my-project-name</folder>
	<filename>image37.jpg</filename>
	<path>/my-project-name/image37.jpg</path>
	<source>
		<database>Unspecified</database>
	</source>
	<size>
		<width>600</width>
		<height>600</height>
		<depth>3</depth>
	</size>
	<object>
		<name>distress</name>
		<pose>Unspecified</pose>
		<truncated>Unspecified</truncated>
		<difficult>Unspecified</difficult>
		<bndbox>
			<xmin>531</xmin>
			<ymin>295</ymin>
			<xmax>597</xmax>
			<ymax>331</ymax>
		</bndbox>
	</object>
	<object>
		<name>distress</name>
		<pose>Unspecified</pose>
		<truncated>Unspecified</truncated>
		<difficult>Unspecified</difficult>
		<bndbox>
			<xmin>449</xmin>
			<ymin>313</ymin>
			<xmax>522</xmax>
			<ymax>354</ymax>
		</bndbox>
	</object>
	<object>
		<name>distress</name>
		<pose>Unspecified</pose>
		<truncated>Unspecified</truncated>
		<difficult>Unspecified</difficult>
		<bndbox>
			<xmin>367</xmin>
			<ymin>340</ymin>
			<xmax>441</xmax>
			<ymax>377</ymax>
		</bndbox>
	</object>
	<object>
		<name>distress</name>
		<pose>Unspecified</pose>
		<truncated>Unspecified</truncated>
		<difficult>Unspecified</difficult>
		<bndbox>
			<xmin>282</xmin>
			<ymin>365</ymin>
			<xmax>359</xmax>
			<ymax>388</ymax>
		</bndbox>
	</object>
	<object>
		<name>distress</name>
		<pose>Unspecified</pose>
		<truncated>Unspecified</truncated>
		<difficult>Unspecified</difficult>
		<bndbox>
			<xmin>244</xmin>
			<ymin>380</ymin>
			<xmax>276</xmax>
			<ymax>404</ymax>
		</bndbox>
	</object>
	<object>
		<name>distress</name>
		<pose>Unspecified</pose>
		<truncated>Unspecified</truncated>
		<difficult>Unspecified</difficult>
		<bndbox>
			<xmin>215</xmin>
			<ymin>396</ymin>
			<xmax>239</xmax>
			<ymax>417</ymax>
		</bndbox>
	</object>
	<object>
		<name>distress</name>
		<pose>Unspecified</pose>
		<truncated>Unspecified</truncated>
		<difficult>Unspecified</difficult>
		<bndbox>
			<xmin>168</xmin>
			<ymin>406</ymin>
			<xmax>207</xmax>
			<ymax>426</ymax>
		</bndbox>
	</object>
	<object>
		<name>distress</name>
		<pose>Unspecified</pose>
		<truncated>Unspecified</truncated>
		<difficult>Unspecified</difficult>
		<bndbox>
			<xmin>128</xmin>
			<ymin>417</ymin>
			<xmax>161</xmax>
			<ymax>436</ymax>
		</bndbox>
	</object>
	<object>
		<name>distress</name>
		<pose>Unspecified</pose>
		<truncated>Unspecified</truncated>
		<difficult>Unspecified</difficult>
		<bndbox>
			<xmin>99</xmin>
			<ymin>423</ymin>
			<xmax>121</xmax>
			<ymax>446</ymax>
		</bndbox>
	</object>
	<object>
		<name>distress</name>
		<pose>Unspecified</pose>
		<truncated>Unspecified</truncated>
		<difficult>Unspecified</difficult>
		<bndbox>
			<xmin>66</xmin>
			<ymin>430</ymin>
			<xmax>89</xmax>
			<ymax>463</ymax>
		</bndbox>
	</object>
	<object>
		<name>distress</name>
		<pose>Unspecified</pose>
		<truncated>Unspecified</truncated>
		<difficult>Unspecified</difficult>
		<bndbox>
			<xmin>31</xmin>
			<ymin>440</ymin>
			<xmax>57</xmax>
			<ymax>463</ymax>
		</bndbox>
	</object>
	<object>
		<name>distress</name>
		<pose>Unspecified</pose>
		<truncated>Unspecified</truncated>
		<difficult>Unspecified</difficult>
		<bndbox>
			<xmin>0</xmin>
			<ymin>442</ymin>
			<xmax>22</xmax>
			<ymax>472</ymax>
		</bndbox>
	</object>
	<object>
		<name>distress</name>
		<pose>Unspecified</pose>
		<truncated>Unspecified</truncated>
		<difficult>Unspecified</difficult>
		<bndbox>
			<xmin>516</xmin>
			<ymin>28</ymin>
			<xmax>593</xmax>
			<ymax>54</ymax>
		</bndbox>
	</object>
	<object>
		<name>distress</name>
		<pose>Unspecified</pose>
		<truncated>Unspecified</truncated>
		<difficult>Unspecified</difficult>
		<bndbox>
			<xmin>438</xmin>
			<ymin>41</ymin>
			<xmax>505</xmax>
			<ymax>61</ymax>
		</bndbox>
	</object>
	<object>
		<name>distress</name>
		<pose>Unspecified</pose>
		<truncated>Unspecified</truncated>
		<difficult>Unspecified</difficult>
		<bndbox>
			<xmin>357</xmin>
			<ymin>53</ymin>
			<xmax>428</xmax>
			<ymax>73</ymax>
		</bndbox>
	</object>
	<object>
		<name>distress</name>
		<pose>Unspecified</pose>
		<truncated>Unspecified</truncated>
		<difficult>Unspecified</difficult>
		<bndbox>
			<xmin>272</xmin>
			<ymin>26</ymin>
			<xmax>349</xmax>
			<ymax>82</ymax>
		</bndbox>
	</object>
	<object>
		<name>distress</name>
		<pose>Unspecified</pose>
		<truncated>Unspecified</truncated>
		<difficult>Unspecified</difficult>
		<bndbox>
			<xmin>192</xmin>
			<ymin>83</ymin>
			<xmax>258</xmax>
			<ymax>100</ymax>
		</bndbox>
	</object>
	<object>
		<name>distress</name>
		<pose>Unspecified</pose>
		<truncated>Unspecified</truncated>
		<difficult>Unspecified</difficult>
		<bndbox>
			<xmin>117</xmin>
			<ymin>92</ymin>
			<xmax>184</xmax>
			<ymax>113</ymax>
		</bndbox>
	</object>
	<object>
		<name>distress</name>
		<pose>Unspecified</pose>
		<truncated>Unspecified</truncated>
		<difficult>Unspecified</difficult>
		<bndbox>
			<xmin>0</xmin>
			<ymin>92</ymin>
			<xmax>109</xmax>
			<ymax>128</ymax>
		</bndbox>
	</object>
	<object>
		<name>distress</name>
		<pose>Unspecified</pose>
		<truncated>Unspecified</truncated>
		<difficult>Unspecified</difficult>
		<bndbox>
			<xmin>147</xmin>
			<ymin>10</ymin>
			<xmax>184</xmax>
			<ymax>82</ymax>
		</bndbox>
	</object>
	<object>
		<name>distress</name>
		<pose>Unspecified</pose>
		<truncated>Unspecified</truncated>
		<difficult>Unspecified</difficult>
		<bndbox>
			<xmin>193</xmin>
			<ymin>0</ymin>
			<xmax>264</xmax>
			<ymax>34</ymax>
		</bndbox>
	</object>
	<object>
		<name>distress</name>
		<pose>Unspecified</pose>
		<truncated>Unspecified</truncated>
		<difficult>Unspecified</difficult>
		<bndbox>
			<xmin>94</xmin>
			<ymin>0</ymin>
			<xmax>134</xmax>
			<ymax>33</ymax>
		</bndbox>
	</object>
	<object>
		<name>distress</name>
		<pose>Unspecified</pose>
		<truncated>Unspecified</truncated>
		<difficult>Unspecified</difficult>
		<bndbox>
			<xmin>86</xmin>
			<ymin>42</ymin>
			<xmax>130</xmax>
			<ymax>88</ymax>
		</bndbox>
	</object>
	<object>
		<name>distress</name>
		<pose>Unspecified</pose>
		<truncated>Unspecified</truncated>
		<difficult>Unspecified</difficult>
		<bndbox>
			<xmin>0</xmin>
			<ymin>19</ymin>
			<xmax>62</xmax>
			<ymax>81</ymax>
		</bndbox>
	</object>
	<object>
		<name>distress</name>
		<pose>Unspecified</pose>
		<truncated>Unspecified</truncated>
		<difficult>Unspecified</difficult>
		<bndbox>
			<xmin>63</xmin>
			<ymin>56</ymin>
			<xmax>78</xmax>
			<ymax>70</ymax>
		</bndbox>
	</object>
</annotation>