<annotation>
	<folder>my-project-name</folder>
	<filename>image29.jpg</filename>
	<path>/my-project-name/image29.jpg</path>
	<source>
		<database>Unspecified</database>
	</source>
	<size>
		<width>600</width>
		<height>600</height>
		<depth>3</depth>
	</size>
	<object>
		<name>distress</name>
		<pose>Unspecified</pose>
		<truncated>Unspecified</truncated>
		<difficult>Unspecified</difficult>
		<bndbox>
			<xmin>55</xmin>
			<ymin>408</ymin>
			<xmax>133</xmax>
			<ymax>455</ymax>
		</bndbox>
	</object>
	<object>
		<name>distress</name>
		<pose>Unspecified</pose>
		<truncated>Unspecified</truncated>
		<difficult>Unspecified</difficult>
		<bndbox>
			<xmin>138</xmin>
			<ymin>384</ymin>
			<xmax>189</xmax>
			<ymax>413</ymax>
		</bndbox>
	</object>
	<object>
		<name>distress</name>
		<pose>Unspecified</pose>
		<truncated>Unspecified</truncated>
		<difficult>Unspecified</difficult>
		<bndbox>
			<xmin>193</xmin>
			<ymin>362</ymin>
			<xmax>249</xmax>
			<ymax>388</ymax>
		</bndbox>
	</object>
	<object>
		<name>distress</name>
		<pose>Unspecified</pose>
		<truncated>Unspecified</truncated>
		<difficult>Unspecified</difficult>
		<bndbox>
			<xmin>282</xmin>
			<ymin>313</ymin>
			<xmax>346</xmax>
			<ymax>379</ymax>
		</bndbox>
	</object>
	<object>
		<name>distress</name>
		<pose>Unspecified</pose>
		<truncated>Unspecified</truncated>
		<difficult>Unspecified</difficult>
		<bndbox>
			<xmin>231</xmin>
			<ymin>322</ymin>
			<xmax>277</xmax>
			<ymax>361</ymax>
		</bndbox>
	</object>
	<object>
		<name>distress</name>
		<pose>Unspecified</pose>
		<truncated>Unspecified</truncated>
		<difficult>Unspecified</difficult>
		<bndbox>
			<xmin>240</xmin>
			<ymin>273</ymin>
			<xmax>318</xmax>
			<ymax>315</ymax>
		</bndbox>
	</object>
	<object>
		<name>distress</name>
		<pose>Unspecified</pose>
		<truncated>Unspecified</truncated>
		<difficult>Unspecified</difficult>
		<bndbox>
			<xmin>416</xmin>
			<ymin>325</ymin>
			<xmax>456</xmax>
			<ymax>365</ymax>
		</bndbox>
	</object>
	<object>
		<name>distress</name>
		<pose>Unspecified</pose>
		<truncated>Unspecified</truncated>
		<difficult>Unspecified</difficult>
		<bndbox>
			<xmin>464</xmin>
			<ymin>307</ymin>
			<xmax>488</xmax>
			<ymax>331</ymax>
		</bndbox>
	</object>
	<object>
		<name>distress</name>
		<pose>Unspecified</pose>
		<truncated>Unspecified</truncated>
		<difficult>Unspecified</difficult>
		<bndbox>
			<xmin>494</xmin>
			<ymin>287</ymin>
			<xmax>515</xmax>
			<ymax>311</ymax>
		</bndbox>
	</object>
	<object>
		<name>distress</name>
		<pose>Unspecified</pose>
		<truncated>Unspecified</truncated>
		<difficult>Unspecified</difficult>
		<bndbox>
			<xmin>571</xmin>
			<ymin>364</ymin>
			<xmax>600</xmax>
			<ymax>402</ymax>
		</bndbox>
	</object>
	<object>
		<name>distress</name>
		<pose>Unspecified</pose>
		<truncated>Unspecified</truncated>
		<difficult>Unspecified</difficult>
		<bndbox>
			<xmin>546</xmin>
			<ymin>335</ymin>
			<xmax>568</xmax>
			<ymax>365</ymax>
		</bndbox>
	</object>
	<object>
		<name>distress</name>
		<pose>Unspecified</pose>
		<truncated>Unspecified</truncated>
		<difficult>Unspecified</difficult>
		<bndbox>
			<xmin>523</xmin>
			<ymin>313</ymin>
			<xmax>543</xmax>
			<ymax>338</ymax>
		</bndbox>
	</object>
	<object>
		<name>distress</name>
		<pose>Unspecified</pose>
		<truncated>Unspecified</truncated>
		<difficult>Unspecified</difficult>
		<bndbox>
			<xmin>354</xmin>
			<ymin>229</ymin>
			<xmax>452</xmax>
			<ymax>308</ymax>
		</bndbox>
	</object>
	<object>
		<name>distress</name>
		<pose>Unspecified</pose>
		<truncated>Unspecified</truncated>
		<difficult>Unspecified</difficult>
		<bndbox>
			<xmin>312</xmin>
			<ymin>203</ymin>
			<xmax>364</xmax>
			<ymax>226</ymax>
		</bndbox>
	</object>
	<object>
		<name>distress</name>
		<pose>Unspecified</pose>
		<truncated>Unspecified</truncated>
		<difficult>Unspecified</difficult>
		<bndbox>
			<xmin>288</xmin>
			<ymin>189</ymin>
			<xmax>310</xmax>
			<ymax>234</ymax>
		</bndbox>
	</object>
	<object>
		<name>distress</name>
		<pose>Unspecified</pose>
		<truncated>Unspecified</truncated>
		<difficult>Unspecified</difficult>
		<bndbox>
			<xmin>259</xmin>
			<ymin>163</ymin>
			<xmax>303</xmax>
			<ymax>188</ymax>
		</bndbox>
	</object>
	<object>
		<name>distress</name>
		<pose>Unspecified</pose>
		<truncated>Unspecified</truncated>
		<difficult>Unspecified</difficult>
		<bndbox>
			<xmin>75</xmin>
			<ymin>232</ymin>
			<xmax>132</xmax>
			<ymax>258</ymax>
		</bndbox>
	</object>
	<object>
		<name>distress</name>
		<pose>Unspecified</pose>
		<truncated>Unspecified</truncated>
		<difficult>Unspecified</difficult>
		<bndbox>
			<xmin>39</xmin>
			<ymin>247</ymin>
			<xmax>69</xmax>
			<ymax>271</ymax>
		</bndbox>
	</object>
	<object>
		<name>distress</name>
		<pose>Unspecified</pose>
		<truncated>Unspecified</truncated>
		<difficult>Unspecified</difficult>
		<bndbox>
			<xmin>0</xmin>
			<ymin>270</ymin>
			<xmax>34</xmax>
			<ymax>291</ymax>
		</bndbox>
	</object>
</annotation>