<annotation>
	<folder>my-project-name</folder>
	<filename>image15.jpg</filename>
	<path>/my-project-name/image15.jpg</path>
	<source>
		<database>Unspecified</database>
	</source>
	<size>
		<width>600</width>
		<height>600</height>
		<depth>3</depth>
	</size>
	<object>
		<name>distress</name>
		<pose>Unspecified</pose>
		<truncated>Unspecified</truncated>
		<difficult>Unspecified</difficult>
		<bndbox>
			<xmin>461</xmin>
			<ymin>276</ymin>
			<xmax>495</xmax>
			<ymax>341</ymax>
		</bndbox>
	</object>
	<object>
		<name>distress</name>
		<pose>Unspecified</pose>
		<truncated>Unspecified</truncated>
		<difficult>Unspecified</difficult>
		<bndbox>
			<xmin>307</xmin>
			<ymin>159</ymin>
			<xmax>339</xmax>
			<ymax>186</ymax>
		</bndbox>
	</object>
	<object>
		<name>distress</name>
		<pose>Unspecified</pose>
		<truncated>Unspecified</truncated>
		<difficult>Unspecified</difficult>
		<bndbox>
			<xmin>215</xmin>
			<ymin>89</ymin>
			<xmax>253</xmax>
			<ymax>111</ymax>
		</bndbox>
	</object>
</annotation>